,별점별,별점별,별점별,별점별,별점별,카테고리별,카테고리별,감성별,감성별,감성별
,1점,2점,3점,4점,5점,Clothing·Shoes,Fashion,부정,중립,긍정
clapAI-XLMR [KO],63.0,41.9,42.0,58.0,79.7,56.8,57.0,80.0,42.0,88.8
KcELECTRA [KO],63.2,34.9,41.3,51.0,74.8,50.5,55.6,75.9,41.3,85.0
KLUE-RoBERTa [KO],61.7,41.9,43.0,55.5,77.8,55.7,56.2,79.4,43.0,86.8
nlptown-mBERT [KO],58.3,37.6,45.0,53.7,72.8,52.8,54.2,74.9,45.0,85.5
tabularisai-DistilBERT [KO],57.7,35.6,41.0,50.3,73.8,51.1,52.3,74.7,41.0,85.7
cardiff-XLMR [EN],61.5,44.4,40.7,55.8,75.3,54.5,56.6,80.5,40.7,86.0
lxyuan-DistilBERT [EN],63.8,38.1,39.5,47.7,75.5,52.2,53.6,78.9,39.5,83.8
nlptown-mBERT [EN],63.8,51.6,37.2,55.5,82.3,57.9,58.3,84.3,37.2,88.4
tabularisai-DistilBERT [EN],63.5,41.8,38.0,50.5,76.0,52.9,55.0,80.9,38.0,84.4
