모델,언어,HF 모델,기반,라이선스,파라미터(M),정확도(%),Macro-F1(%),±1점 정확도(%),MAE,감성 정확도(%),학습 전 감성 정확도(%),학습 전 별점 정확도(%),최적 에폭,학습 시간(분),예측 속도(건/초)
nlptown-mBERT [EN],EN,nlptown/bert-base-multilingual-uncased-sentiment,mBERT,MIT,167,58.1,57.8,94.5,0.48,76.5,75.8,56.4,2,6.8,334
clapAI-XLMR [KO],KO,clapAI/roberta-base-multilingual-sentiment,XLM-R,Apache-2.0,278,56.9,56.7,93.1,0.508,75.9,70.8,35.0,2,7.5,474
KLUE-RoBERTa [KO],KO,klue/roberta-base,RoBERTa(한국어),카드 미표기,111,56.0,55.9,93.2,0.52,75.1,,,3,5.9,472
cardiff-XLMR [EN],EN,cardiffnlp/twitter-xlm-roberta-base-sentiment,XLM-R,미표기,278,55.5,55.7,93.5,0.517,74.7,69.1,32.3,1,5.3,404
tabularisai-DistilBERT [EN],EN,tabularisai/multilingual-sentiment-analysis,DistilBERT,CC-BY-NC-4.0,135,53.9,53.9,92.9,0.541,73.7,65.8,36.8,2,3.9,780
nlptown-mBERT [KO],KO,nlptown/bert-base-multilingual-uncased-sentiment,mBERT,MIT,167,53.5,53.6,92.2,0.556,73.1,61.5,41.4,3,6.7,401
KcELECTRA [KO],KO,beomi/KcELECTRA-base,ELECTRA(한국어),MIT,109,53.0,52.8,91.9,0.566,72.6,,,3,5.6,451
lxyuan-DistilBERT [EN],EN,lxyuan/distilbert-base-multilingual-cased-sentiments-student,DistilBERT,Apache-2.0,135,52.9,52.7,91.9,0.562,73.0,62.6,30.3,3,3.9,783
tabularisai-DistilBERT [KO],KO,tabularisai/multilingual-sentiment-analysis,DistilBERT,CC-BY-NC-4.0,135,51.7,51.5,90.9,0.596,72.3,61.9,36.1,3,3.8,812
