idx,review,지시,추출
2,오는 건 그냥 보통임 옷은 튼튼하고 좋음,"{""배송"": ""중립"", ""품질·내구성"": ""긍정""}","{""품질·내구성"": ""긍정""}"
7,사이즈가 맞지 않아 문의를 남기고 처리를 기다리게 되었습니다. 상담원과의 통화는 그냥 무난하고 평범한 수준이었습니다. 안내받은 절차대로 진행하여 처리 과정은 그냥저냥 보통이었습니다. 특별히 친절하지도 불친절하지도 않은 그저 그런 응대였습니다.,"{""교환·환불·CS"": ""중립""}","{""사이즈·핏"": ""부정"", ""교환·환불·CS"": ""중립""}"
13,문의했더니 아주 칼답이시네요. 코를 찌르는 악취 덕분에 아주 숨이 잘 쉬어져요.,"{""교환·환불·CS"": ""중립"", ""냄새"": ""부정""}","{""교환·환불·CS"": ""긍정"", ""냄새"": ""부정""}"
19,"데일리로 입을 편안한 옷이 필요해서 여러 쇼핑몰을 비교해보다가 이 상품을 골라보게 되었습니다. 궁금한 점이 생겨 판매자에게 문의를 남겼는데, 친절하고 빠르게 안내를 도와주셔서 큰 걱정 없이 처리가 완료되었습니다. 다만 지불한 비용에 비해서 상품이 가진 기능이나 완성도가 다소 아쉽게 느껴졌습니다. 그래도 전반적인 응대 과정이 원활하여 그냥 입어보려고 합니다. 다음에도 쇼핑할 때 응대 서비스가 좋은 곳을 우선적으로 고려하게 될 것 같습니다.","{""교환·환불·CS"": ""긍정"", ""가격·가성비"": ""부정""}","{""교환·환불·CS"": ""긍정"", ""가격·가성비"": ""부정"", ""품질·내구성"": ""부정""}"
33,포장은 정말 꼼꼼하고 완벽하게 안전하게 싸여서 오더군요. 근데 오는데 세월아 네월아 걸려서 아주 속 터져 죽는 줄 알았네요 참 빠르기도 하지요.,"{""포장"": ""긍정"", ""배송"": ""부정""}","{""포장"": ""긍정"", ""배송"": ""긍정""}"
39,"오는데 세월아 네월아 아주 눈 빠지는 줄 알았네요 정말 빠르고 신속해서 감탄했습니다. 품이나 기장은 아주 알맞고 딱 예쁘게 떨어져서 마음에 드네요. 일 처리 속도는 그냥 보통이에요, 무난해요, 그냥 그래요.","{""배송"": ""부정"", ""사이즈·핏"": ""긍정"", ""교환·환불·CS"": ""중립""}","{""배송"": ""긍정"", ""사이즈·핏"": ""긍정"", ""교환·환불·CS"": ""중립""}"
41,가격은 뭐 그냥 그렇고 특유의 향도 그냥저냥 무난하네요. 이렇게 평범한 냄새가 날 줄이야 참 대단하네요.,"{""냄새"": ""중립"", ""가격·가성비"": ""중립""}","{""가격·가성비"": ""중립"", ""냄새"": ""부정""}"
59,요즘 입기 좋은 스타일을 찾다가 마음에 쏙 들어서 망설임 없이 주문을 진행했습니다. 실제로 받아보고 나서도 전체적인 모습이 제가 딱 원하던 그대로라 기뻤습니다. 다만 빨래를 한 번 하고 났더니 모양이 틀어지고 줄어들어서 관리가 너무 힘들었습니다. 세탁 후에 변형이 생기는 점을 미리 알았더라면 다른 걸 골랐을 텐데 참 아쉽습니다.,"{""세탁·관리"": ""부정""}","{""색상·디자인"": ""긍정"", ""세탁·관리"": ""부정""}"
81,세탁기에 넣고 돌렸더니 아주 옷이 걸레가 되더라고요~ 면도 너무 까칠해서 피부 다 상할 판이네요 참 잘 만들었네요 참나,"{""세탁·관리"": ""부정"", ""재질·촉감"": ""부정""}","{""세탁·관리"": ""부정"", ""재질·촉감"": ""부정"", ""품질·내구성"": ""부정""}"
102,품절이라 한 치수 크게 샀더니 아주 몸에 찰떡같이 맞아서 눈물이 나네요.,"{""사이즈·핏"": ""중립""}","{""사이즈·핏"": ""긍정""}"
103,상자는 아주 깔끔하게 밀봉되어 왔는데 올이 다 풀려 있네요.,"{""품질·내구성"": ""부정"", ""포장"": ""긍정""}","{""품질·내구성"": ""부정""}"
105,데일리로 입으려고 큰맘 먹고 주문했습니다. 겉에 감싸진 비닐은 그냥 무난한 상태였습니다. 그런데 문의를 넣었더니 상담원이 답변을 전혀 안 해주네요. 옷을 입어보기도 전에 기분이 상해서 다신 안 살 것 같습니다.,"{""교환·환불·CS"": ""부정"", ""포장"": ""중립""}","{""교환·환불·CS"": ""부정""}"
113,"물건이 오기까지는 평범하게 시간이 걸렸던 것 같습니다. 실물의 겉모습이나 톤은 화면과 같아서 마음에 듭니다만, 피부에 닿는 면의 감촉이 너무 거칠어서 아쉽습니다.","{""배송"": ""중립"", ""재질·촉감"": ""부정"", ""색상·디자인"": ""긍정""}","{""색상·디자인"": ""긍정"", ""재질·촉감"": ""부정""}"
115,"옷 표면이 부드럽고 매끄러워서 아주 참 잘 만들었네요, 어쩜 이렇게 입을 수 없을 정도로 품이 작게 나왔는지 참 대단해요. 문의에 대한 답변은 그냥 매뉴얼대로 평이하게 해주네요.","{""교환·환불·CS"": ""중립"", ""재질·촉감"": ""긍정"", ""사이즈·핏"": ""부정""}","{""재질·촉감"": ""긍정"", ""품질·내구성"": ""긍정"", ""사이즈·핏"": ""부정"", ""교환·환불·CS"": ""중립""}"
119,완전 칼배송 와서 기분 좋앗어여 ㅎㅎ 옷 상태나 마감 처리는 그냥 딱 이 가격대만큼 무난한 평민 수준이네여 나쁘지않아여,"{""품질·내구성"": ""중립"", ""배송"": ""긍정""}","{""배송"": ""긍정"", ""품질·내구성"": ""중립"", ""가격·가성비"": ""중립""}"
121,가격이 왤케 비싼지ㅠㅠ 가성비는 그냥 그래여... 테이프나 비닐은 그냥 보통이에요,"{""가격·가성비"": ""부정"", ""포장"": ""중립""}","{""가격·가성비"": ""부정""}"
139,옷에서 상쾌한 향기가 나니 정말 기분이 나쁘네요. 오는 속도도 딱 보통이네요.,"{""배송"": ""중립"", ""냄새"": ""긍정""}","{""냄새"": ""부정"", ""배송"": ""중립""}"
140,평소에 입고 나갈 옷이 부족해서 고민하다가 이 제품을 발견하고 곧바로 구매하게 되었습니다. 상자를 열었을 때 비닐에 담긴 모습은 그냥 평범한 수준이었습니다. 그런데 옷을 만져보니 표면이 너무 거칠거칠하고 까끌해서 입을 때마다 피부가 쓸리는 것 같습니다. 촉감이 너무 별로라 솔직히 손이 잘 안 갈 것 같네요.,"{""포장"": ""중립"", ""재질·촉감"": ""부정""}","{""재질·촉감"": ""부정""}"
144,옷에서 이상한 꾸린내 같은 냄새가 너무 심하게 나네여ㅠㅠ 머리가 다 아플 지경임.. 오는데 걸린 시간은 그냥 평범하게 보통 수준이었음,"{""냄새"": ""부정"", ""배송"": ""중립""}","{""냄새"": ""부정""}"
145,포장은 비닐에 깔끔하게 잘 싸여서 와서 굿이에여ㅋㅋ 오는데 걸린 시간은 그냥 평범했고 원단 느낌도 그냥 보통이네여 무난해요,"{""포장"": ""긍정"", ""배송"": ""중립"", ""재질·촉감"": ""중립""}","{""포장"": ""긍정"", ""재질·촉감"": ""중립""}"
148,옷이 마음에 들어서 다음에 또 살 것 같네요. 오는데 걸린 시간은 그냥 평범했습니다.,"{""배송"": ""중립""}",{}
149,다음에 또 구매할 의향 있어요! 오는데 걸린 시간은 그냥 평범했고 입었을 때 느낌도 그냥 보통이네요.,"{""배송"": ""중립"", ""사이즈·핏"": ""중립""}","{""재질·촉감"": ""중립""}"
152,박스나 완충재 상태는 무난했어요. 그냥 평범한 수준이네요.,"{""포장"": ""중립""}",{}
156,옷 모양이랑 컬러는 넘 맘에 들구 이뻐용 ㅎㅎ 가격은 그냥글항고 오는데 걸린 시간도 그냥 보통이네여 ㅋㅋㅋ,"{""배송"": ""중립"", ""가격·가성비"": ""중립"", ""색상·디자인"": ""긍정""}","{""색상·디자인"": ""긍정"", ""가격·가성비"": ""중립""}"
160,물건은 그냥 보통으로 받았습니다. 평범한 느낌이네요.,"{""배송"": ""중립""}",{}
168,빨래 한 번 돌렸더니 바로 망가져서 관리하기 너무 힘들네요.,"{""세탁·관리"": ""부정""}","{""품질·내구성"": ""부정"", ""세탁·관리"": ""부정""}"
170,몇 번 빨래를 해봤는데도 줄어들거나 변형되는 것 없이 멀쩡해요. 관리가 편해서 자주 입게 될 것 같아요.,"{""세탁·관리"": ""긍정""}","{""품질·내구성"": ""긍정"", ""세탁·관리"": ""긍정""}"
171,평소에 입을 편안한 옷이 필요해서 여러 곳을 비교해 보고 신중하게 구매를 결정하게 되었어요. 상자를 열어보니 완충재와 비닐이 흐트러짐 없이 깔끔하게 감싸져 있어서 첫인상이 아주 좋았습니다. 옷의 상태는 그냥 무난하고 평범한 수준인 것 같아요. 특별히 뛰어난 점도 아쉬운 점도 없이 딱 이 가격대에 맞는 모습이네요. 전체적으로 무난하게 데일리로 입기에 적당한 것 같습니다.,"{""포장"": ""긍정"", ""품질·내구성"": ""중립""}","{""포장"": ""긍정"", ""가격·가성비"": ""중립""}"
175,상담원들이 너무 불친절해서 문의할 때마다 아주 눈물이 앞을 가리네요 참 일처리가 감탄스럽게 완벽하더라고요.,"{""교환·환불·CS"": ""긍정""}","{""교환·환불·CS"": ""부정""}"
176,요즘 입을 옷이 너무 부족해서 새로 하나 장만하려고 꼼꼼히 알아보다가 최종적으로 구매를 결정하게 되었습니다. 받아서 열어보니 테이프 마감부터 속비닐까지 흐트러짐 하나 없이 너무 깔끔하게 잘 감싸져 있어서 기분이 좋았어요. 문의할 일이 생겨서 고객센터에 연락해 봤는데 응대가 엄청 신속하고 친절해서 감동받았습니다. 옷 자체는 그냥 보통이에요. 특별히 모난 곳도 없고 그렇다고 대단한 특징도 없는 무난한 상태입니다.,"{""교환·환불·CS"": ""긍정"", ""품질·내구성"": ""중립"", ""포장"": ""긍정""}","{""포장"": ""긍정"", ""교환·환불·CS"": ""긍정""}"
186,상자 포장은 엄청 꼼꼼하게 잘 왔어여! 근데 한번 빨았더니 바로 줄어들고 박음질도 다 터져서 품질은 솔직히 좀 실망이네요ㅠㅠ,"{""포장"": ""긍정"", ""품질·내구성"": ""부정"", ""세탁·관리"": ""부정""}","{""포장"": ""긍정"", ""품질·내구성"": ""부정""}"
192,오느라 아주 목 빠지는 줄 알았네요. 참 빠른 서비스네요 정말. 상담원분이 친절하게 처리해 주셔서 그나마 다행이었어요.,"{""교환·환불·CS"": ""긍정"", ""배송"": ""부정""}","{""배송"": ""긍정"", ""교환·환불·CS"": ""긍정""}"
200,아 박스 열어봤는데 테이프가 다 뜯어져있구 엉망이네요ㅠㅠ 그리고 옷 실밥이랑 구멍 나있는거 실화인가여ㅡㅡ 진짜 완전 실망이에여 절대 사지마세여 ㅠㅠ,"{""포장"": ""부정"", ""품질·내구성"": ""부정""}","{""품질·내구성"": ""부정""}"
202,박스 상자에 비닐까지 꽁꽁 싸여서 완젼 깔끔하게 왔음! 근데 옷 까슬거리고 따가워서 입기 힘듬 ㅡㅡ,"{""포장"": ""긍정"", ""재질·촉감"": ""부정""}","{""재질·촉감"": ""부정""}"
205,다가오는 주말에 입으려고 미리 주문을 하게 되었습니다. 물건은 그냥 평범한 기간 내에 잘 받아보았습니다. 그렇지만 비닐이 다 찢어져 있고 테이프도 너덜거리게 와서 첫인상이 너무 안 좋았습니다. 옷을 입어보니 품이나 길이 등 전체적인 부분들이 그냥 보통이었습니다. 조금 더 꼼꼼한 상태로 받아보았더라면 좋았을 텐데 여러모로 아쉬움이 남습니다.,"{""배송"": ""중립"", ""포장"": ""부정"", ""사이즈·핏"": ""중립""}","{""포장"": ""부정"", ""사이즈·핏"": ""중립""}"
209,그냥 보통 속도로 온 것 같아여 ㅎㅎ 옷 사이즈도 그냥 딱 그냥저냥 보통이네여 쏘쏘합니당,"{""배송"": ""중립"", ""사이즈·핏"": ""중립""}","{""사이즈·핏"": ""중립""}"
211,주문한 상품이 오기까지의 과정은 평이했습니다. 오고 가는 시간이나 처리되는 양상은 그냥 보통 수준이었다고 생각합니다.,"{""배송"": ""중립""}",{}
214,상자에 담겨 온 상태는 그냥 무난했습니다. 뜯어보았을 때의 겉모습은 평범했어요.,"{""포장"": ""중립""}",{}
217,"응대해 준 직원분의 태도나 상자에 담긴 모습, 빨래하고 관리하는 방법 모두 보통이에요.","{""교환·환불·CS"": ""중립"", ""포장"": ""중립"", ""세탁·관리"": ""중립""}","{""교환·환불·CS"": ""중립"", ""세탁·관리"": ""중립""}"
222,평소에 입을 편안한 옷이 필요해서 여러 쇼핑몰을 비교해 본 끝에 이 상품을 구매하게 되었습니다. 화면으로 보던 것과 실제로 마주한 모습은 그냥 평이하고 무난한 수준이었습니다. 전체적인 생김새나 톤앤매너는 특별히 모나지도 튀지도 않는 보통의 느낌이었습니다. 궁금한 점이 있어서 고객센터를 통해 문의해 보았는데 안내가 그럭저럭 무난하게 처리되었습니다. 최종적으로 무난한 쇼핑 경험이었다고 생각하여 이렇게 기록을 남깁니다.,"{""교환·환불·CS"": ""긍정"", ""색상·디자인"": ""중립""}","{""색상·디자인"": ""중립"", ""교환·환불·CS"": ""중립""}"
226,아니 사진이랑 색감이 너무 다른거 아니냐고여ㅠㅠ 디자인도 완전 별루고 핏팅했을때 진짜 이상해서 실망했어여 ㅋㅋ,"{""색상·디자인"": ""부정""}","{""색상·디자인"": ""부정"", ""사이즈·핏"": ""부정""}"
246,요즘 입을 옷이 마땅히 없어서 여러 쇼핑몰을 둘러보다가 이 제품을 발견하게 되었습니다. 후기가 좋아서 반신반의하며 구매했는데 정말 만족스럽습니다. 특히 문의를 남겼을 때 판매자분의 응대 태도가 매우 친절하여 기분 좋은 쇼핑이 되었습니다. 걱정했던 품도 딱 알맞고 라인이 예쁘게 떨어져서 자주 입을 것 같습니다.,"{""교환·환불·CS"": ""긍정"", ""사이즈·핏"": ""긍정""}","{""교환·환불·CS"": ""긍정"", ""사이즈·핏"": ""긍정"", ""색상·디자인"": ""긍정""}"
270,포장 완전 꼼꼼하게 와서 기분 좋았음ㅎㅎ 근데 이거 한번 빨았더니 줄어들고 모양 이상해져서 ㅠㅠ 세탁하기 너무 빡세네여... 문의 남겼더니 그냥 안내서만 기계적으로 복사해서 보내주길래 그저 그랬어여 ㅡㅡ,"{""포장"": ""긍정"", ""세탁·관리"": ""부정"", ""교환·환불·CS"": ""중립""}","{""포장"": ""긍정"", ""세탁·관리"": ""부정"", ""교환·환불·CS"": ""부정""}"
278,와 진짜 엄청나게 빨리 와서 아주 깜짝 놀랐네요~ 어쩜 이렇게 딱 알맞은 시간에 맞추어 오는지 정말 감탄이 절로 나옵니다 ㅎㅎ,"{""배송"": ""중립""}","{""배송"": ""긍정""}"
280,평소에 입을 옷이 부족해서 고민하다가 마음에 드는 스타일이라 구매하게 되었습니다. 오고 가는 과정은 그냥 그랬습니다. 그런데 옷에서 이상한 화학 약품 같은 악취가 너무 심하게 나서 견디기 힘들 정도입니다. 코를 찌르는 고약한 냄새 때문에 바로 걸어두었지만 빠질지 모르겠네요.,"{""배송"": ""중립"", ""냄새"": ""부정""}","{""냄새"": ""부정""}"
285,평소에 편하게 입으려고 샀는데 품이랑 기장은 제 몸에 딱 맞아서 다행이네요. 오고 가는 시간은 그냥 보통이었어요. 비닐을 뜯어보니 테이프가 다 구겨져 있고 엉망진창으로 와서 정말 참 서비스가 대단하시네요.,"{""사이즈·핏"": ""긍정"", ""배송"": ""중립"", ""포장"": ""부정""}","{""사이즈·핏"": ""긍정"", ""포장"": ""부정""}"
288,상자를 열어보니 비닐이 다 찢어져 있어서 정말 서비스를 기가 막히게 하시네요. 손에 닿는 느낌이나 면의 상태는 그냥저냥 무난했습니다.,"{""포장"": ""부정"", ""재질·촉감"": ""중립""}","{""포장"": ""부정"", ""재질·촉감"": ""중립"", ""품질·내구성"": ""중립""}"
292,주문한 상품이 무사히 제 시각에 도착하였습니다. 겉에 둘러진 포장 상태는 그냥 평이하고 무난한 수준이었습니다. 전체적인 과정에서 특별히 불편하거나 좋았던 점은 없었기에 보통이라고 생각합니다.,"{""포장"": ""중립"", ""배송"": ""중립""}","{""포장"": ""중립""}"
294,지불한 금액에 비해 가성비가 너무 떨어진다고 느껴집니다. 비닐 포장 상태도 엉망이라 다 찢어진 채로 와서 별로였습니다. 다만 세탁하고 관리하는 것은 그냥 무난하게 할 만합니다.,"{""가격·가성비"": ""부정"", ""세탁·관리"": ""긍정"", ""포장"": ""부정""}","{""가격·가성비"": ""부정"", ""포장"": ""부정"", ""세탁·관리"": ""중립""}"
297,문의 사항이 있어 상담을 진행하였을 때 직원의 응대는 평이하고 무난한 수준이었습니다. 세탁을 해보니 변형 없이 관리하기가 편하여 이 부분은 매우 만족스럽습니다. 전반적으로 무난한 처리와 좋은 관리성을 보여주는 상품입니다.,"{""교환·환불·CS"": ""중립"", ""세탁·관리"": ""긍정""}","{""교환·환불·CS"": ""중립"", ""세탁·관리"": ""긍정"", ""품질·내구성"": ""긍정""}"
298,"옷 라인이 아주 그냥 예술이라 제 몸에 찰떡같이 맞아떨어지네요. 어쩜 이렇게 안 예쁠 수가 있을까요, 정말 입자마자 감탄이 절로 나올 정도로 핏이 완벽해서 놀랐습니다.","{""사이즈·핏"": ""긍정""}","{""사이즈·핏"": ""긍정"", ""색상·디자인"": ""긍정""}"
